design,per,X,Median,Mean,Min,Max,X95CIlo,X95CIup,rBias,rRMSE
SD1,A1,CL,1.001145,1.000512954,0.878882,1.09154,0.997755939684027,1.00326996831597,0.000512954,0.031426720422564
SD1,A1,V,0.8710985,0.857684952,0.389521,1.38788,0.842514319547328,0.872855584452672,-0.142315048,0.223940795943356
SD1,A1,Q,0.830006,0.824410452,0.332621,1.41733,0.808272326437453,0.840548577562547,-0.175589548,0.254287937359844
SD1,A1,Vp,1.081035,1.07621674,0.787231,1.23721,1.06973844434531,1.08269503565469,0.07621674,0.106116046970004
SD1,A1,Ka,0.8321635,0.824032234,0.355353,1.44839,0.80800595997443,0.84005850802557,-0.175967766,0.253629636335051
SD1,A1,BCL,0.9816755,0.98089866,0.785596,1.17578,0.975330371092808,0.986466948907192,-0.01910134,0.0662757541081805
SD1,A1,BV,1.129155,1.133485016,0.498384,1.68332,1.11605381375943,1.15091621824057,0.133485016,0.239348104695166
SD1,A1,BQ,0.5245715,0.584571407,0.01,3.99513,0.534295823812313,0.634846990187687,-0.415428593,0.707754892191577
SD1,A1,BVp,0.968519,0.9700764,0.581307,1.21063,0.961979343057115,0.978173456942885,-0.0299236,0.0970148172654878
SD1,A1,BKa,0.9137835,0.913632632,0.348871,1.51828,0.90001220516115,0.92725305883885,-0.0863673679999999,0.177644556760853
SD1,A1,RUV,1.334685,1.36150894,1.09841,1.81902,1.34901393913631,1.37400394086369,0.36150894,0.388547466452427
SD1,A2,CL,1.000142,0.999046972,0.921473,1.08689,0.996383926015239,1.00171001798476,-0.000953028000000001,0.0303665067961397
SD1,A2,V,0.62827,0.630768726,0.142745,1.50521,0.607559465387203,0.653977986612797,-0.369231274,0.454207184591276
SD1,A2,Q,0.574609,0.5789303288,0.0557907,1.56246,0.555493964193856,0.602366693406144,-0.4210696712,0.498646336934081
SD1,A2,Vp,1.131445,1.115437968,0.602152,1.29099,1.10757692848146,1.12329900751854,0.115437968,0.146127098353112
SD1,A2,Ka,0.585156,0.591591802,0.12653,1.50861,0.568598134973282,0.614585469026718,-0.408408198,0.485258448938446
SD1,A2,BCL,0.966953,0.967572254,0.764432,1.38551,0.961708602189181,0.973435905810819,-0.032427746,0.0742817936497094
SD1,A2,BV,1.23607,1.224449652,0.273534,1.71242,1.20486332606391,1.24403597793609,0.224449652,0.316559434878381
SD1,A2,BQ,0.01,0.2933468774,0.01,3.2795,0.248043282593156,0.338650472206844,-0.706653122600003,0.875193976471328
SD1,A2,BVp,0.991743,1.009250766,0.685461,1.97259,0.998144192880908,1.02035733911909,0.00925076600000001,0.126922575111089
SD1,A2,BKa,0.797312,0.7996380168,0.01,1.34949,0.782381193006363,0.816894840593637,-0.2003619832,0.280764053697542
SD1,A2,RUV,1.70996,1.71737872,1.30891,2.27855,1.7023213820631,1.7324360579369,0.71737872,0.737620008035845
SD1,A3,CL,0.9897135,0.990242478,0.910395,1.07832,0.987614925606911,0.992870030393089,-0.00975752200000002,0.0314965561821289
SD1,A3,V,0.2569835,0.344243446,0.135414,1.33464,0.324454600511248,0.364032291488752,-0.655756554,0.693458528155764
SD1,A3,Q,0.186611,0.2729369428,0.0618293,1.34492,0.253407020261737,0.292466865338263,-0.7270630572,0.760372490854795
SD1,A3,Vp,1.06161,1.054566884,0.689298,1.35151,1.0448974496831,1.0642363183169,0.0545668839999999,0.122974777696258
SD1,A3,Ka,0.2274405,0.310225922,0.127559,1.36266,0.291417185702042,0.329034658297958,-0.689774077999999,0.722317318212201
SD1,A3,BCL,0.9441745,0.944725196,0.726984,1.1282,0.938894302064335,0.950556089935665,-0.055274804,0.0864393861083476
SD1,A3,BV,1.389175,1.364291914,0.01,1.84821,1.34545571691535,1.38312811108465,0.364291914,0.422843838776438
SD1,A3,BQ,0.01,0.2783788954,0.01,2.51275,0.235231159171092,0.321526631628908,-0.721621104600004,0.873254091540927
SD1,A3,BVp,1.272985,1.289360992,0.666049,2.3774,1.26639435767886,1.31232762632114,0.289360992,0.390188287519905
SD1,A3,BKa,0.709824,0.7004000546,0.01,1.13484,0.685994794434271,0.714805314765729,-0.2995999454,0.34163661490147
SD1,A3,RUV,2.25806,2.26502716,1.75597,3.66212,2.24499365099886,2.28506066900114,1.26502716,1.28546777457158
SD1,All,CL,0.999108,0.998107629258517,0.919315,1.09347,0.995483540693647,1.00073171782339,-0.00189237074148297,0.0299374250645072
SD1,All,V,1.10261,1.10266124248497,1.02424,1.20907,1.10026670549286,1.10505577947708,0.10266124248497,0.106219826153766
SD1,All,Ka,2.23304,2.23494753507014,1.91048,2.59149,2.22389140886716,2.24600366127312,1.23494753507014,1.24134689966141
SD1,All,BCL,0.976913,0.976004208416834,0.77396,1.17871,0.970280594509248,0.981727822324419,-0.0239957915831663,0.0694457736796699
SD1,All,BV,0.750379,0.749569338677355,0.566306,0.925949,0.744150191665544,0.754988485689166,-0.250430661322645,0.257919798840616
SD1,All,BKa,1.65648,1.65634595190381,1.17654,2.25745,1.64185486008828,1.67083704371933,0.656345951903807,0.676766555457176
SD1,All,RUV,2.81062,2.81397214428858,2.23854,3.4806,2.79635138772609,2.83159290085107,1.81397214428858,1.82503327592558
SD1,B,CL,1.00119,0.999554526,0.688025,1.33844,0.995731021041862,1.00337803095814,-0.000445473999999999,0.0435799301908344
SD1,B,V,1.0169,1.02051724,0.774676,1.55213,1.0139295926487,1.0271048873513,0.02051724,0.0778342981974914
SD1,B,Q,0.997253,1.013736572,0.714742,1.75201,1.00394361398204,1.02352953001796,0.013736572,0.112455454987101
SD1,B,Vp,1.005,1.007057458,0.882582,1.15082,1.00305018540966,1.01106473059034,0.007057458,0.0462141673631149
SD1,B,Ka,0.996434,1.00216964,0.726391,1.32109,0.995161810958407,1.00917746904159,0.00216964,0.0798998302367407
SD1,B,BCL,0.992138,0.994369862,0.814928,1.33203,0.988344231464807,1.00039549253519,-0.00563013800000001,0.0689063471298109
SD1,B,BV,0.992785,0.9785085428,0.01,1.42923,0.964746621107624,0.992270464492376,-0.0214914572,0.158314358196555
SD1,B,BQ,0.905846,0.99860685,0.01,4.00213,0.954048466760264,1.04316523323974,-0.00139315000000001,0.507847408220975
SD1,B,BVp,0.98163,0.985241186,0.61247,1.4491,0.976558675468717,0.993923696531283,-0.014758814,0.100051759747413
SD1,B,BKa,0.9780305,0.980057168,0.658487,1.35945,0.969461051711674,0.990653284288326,-0.019942832,0.122402722415182
SD1,B,RUV,1.00478,1.007626244,0.831965,1.71014,1.00315341873223,1.01209906926777,0.007626244,0.0515454352668013
SD1,D,CL,1.003355,1.003972704,0.838812,1.31024,1.00051665790541,1.00742875009459,0.003972704,0.0395894423675303
SD1,D,V,1.018495,1.025653356,0.813563,1.36042,1.01878983752793,1.03251687447207,0.025653356,0.082324611053439
SD1,D,Q,1.012355,1.0258892,0.737038,1.87495,1.0164502641023,1.0353281358977,0.0258892,0.110649763496738
SD1,D,Vp,1.007605,1.00960776,0.844681,1.14789,1.00537561429774,1.01383990570226,0.00960775999999999,0.0491826162426929
SD1,D,Ka,0.9995485,1.006033582,0.777278,1.32124,0.998872596449589,1.01319456755041,0.006033582,0.0818386555171699
SD1,D,BCL,1.048195,1.048779894,0.850899,1.27451,1.04262251828765,1.05493726971235,0.048779894,0.0854655385348621
SD1,D,BV,1.077655,1.074572618,0.62835,1.46957,1.06159154557501,1.08755369042499,0.074572618,0.165680580044464
SD1,D,BQ,0.9430215,1.03339463,0.01,5.14388,0.98758414225172,1.07920511774828,0.03339463,0.52318298761638
SD1,D,BVp,1.0572,1.05765285,0.794805,1.4652,1.04929785390868,1.06600784609132,0.05765285,0.111317318136533
SD1,D,BKa,0.972746,0.973337924,0.595848,1.39254,0.962767086895424,0.983908761104575,-0.026662076,0.123393961149207
SD1,D,RUV,1.00506,1.006977044,0.880163,1.56087,1.00281642436952,1.01113766363048,0.00697704399999999,0.0479303820282292
SD1,D2,CL,1.020005,1.020047176,0.729555,1.26923,1.01594127572861,1.02415307627139,0.020047176,0.0509094637404481
SD1,D2,V,1.053045,1.062092466,0.843839,1.46456,1.05430353124517,1.06988140075483,0.062092466,0.108333265021017
SD1,D2,Q,1.07769,1.092330826,0.840467,1.77401,1.08223850760203,1.10242314439797,0.0923308259999999,0.147498426679101
SD1,D2,Vp,1.007675,1.00950524,0.71347,1.38121,1.0042314455157,1.0147790344843,0.00950524000000001,0.0608539772229227
SD1,D2,Ka,1.031225,1.039437554,0.831167,1.68541,1.03136327856393,1.04751182943607,0.039437554,0.100119518648633
SD1,D2,BCL,1.211955,1.213858352,0.992425,1.72977,1.20639297480303,1.22132372919697,0.213858352,0.230162731776654
SD1,D2,BV,1.32422,1.323397872,0.241278,2.27661,1.30558814880867,1.34120759519133,0.323397872,0.381822238760961
SD1,D2,BQ,1.11987,1.17821055,0.01,3.29887,1.13998515816229,1.21643594183771,0.17821055,0.47070613473035
SD1,D2,BVp,1.23638,1.228900794,0.665806,1.78682,1.21701517282938,1.24078641517062,0.228900794,0.265981358716001
SD1,D2,BKa,0.9785065,0.983450102,0.572628,1.60681,0.971438451732664,0.995461752267336,-0.016549898,0.13789717555436
SD1,D2,RUV,1.0043,1.01205821,0.867089,1.78881,1.00568257204125,1.01843384795875,0.01205821,0.0736587813141787
SD1,M,CL,1.00386,1.002861132,0.926363,1.0952,1.0001675646208,1.0055546993792,0.002861132,0.0308324477769768
SD1,M,V,1.072425,1.07190096,1.00018,1.13656,1.06992668673625,1.07387523326375,0.07190096,0.0753396365242095
SD1,M,Ka,2.276825,2.27442312,1.94808,2.67495,2.26388780705732,2.28495843294268,1.27442312,1.28006722363148
SD1,M,BCL,0.988806,0.989370388,0.81407,1.20113,0.983690550002673,0.995050225997327,-0.010629612,0.0656017466032422
SD1,M,BV,0.6857835,0.689024132,0.5326,0.838053,0.684479740154156,0.693568523845844,-0.310975868,0.315259560360767
SD1,M,BKa,1.704165,1.7030921,1.18262,2.08393,1.69035519647893,1.71582900352107,0.7030921,0.7179218469835
SD1,M,RUV,1.366415,1.3716909,1.18602,1.65117,1.36535231962985,1.37802948037015,0.3716909,0.37864645514543
SD1,S1,CL,1.00076,1.000856548,0.846791,1.18143,0.997699968977204,1.0040131270228,0.000856548000000001,0.0359866899544262
SD1,S1,V,1.01681,1.026391006,0.773047,1.42694,1.01751792654081,1.03526408545919,0.026391006,0.104516024537379
SD1,S1,Q,0.9965195,1.008800544,0.724698,2.08151,0.997899393496515,1.01970169450348,0.008800544,0.124555034416743
SD1,S1,Vp,1.00336,0.998914536,0.771328,1.14076,0.993741538236308,1.00408753376369,-0.001085464,0.0589682260599384
SD1,S1,Ka,0.9902965,1.002070686,0.746386,1.37934,0.993525770738609,1.01061560126139,0.002070686,0.097411018959592
SD1,S1,BCL,0.990214,0.99130333,0.809826,1.20858,0.985457147746239,0.997149512253761,-0.00869667,0.0671958737266954
SD1,S1,BV,1.079205,1.07545143,0.537598,1.69815,1.06143639348923,1.08946646651077,0.07545143,0.176657174179171
SD1,S1,BQ,1.13848,1.214251588,0.357593,3.54668,1.1731270914934,1.2553760845066,0.214251588,0.515355553435431
SD1,S1,BVp,1.018515,1.019454678,0.663482,1.47425,1.00987982305175,1.02902953294825,0.019454678,0.110848119419835
SD1,S1,BKa,0.957363,0.95714089,0.434539,1.50122,0.943782833765483,0.970498946234517,-0.04285911,0.158163525047585
SD1,S1,RUV,1.1118,1.115605398,0.873445,1.57246,1.11035111616885,1.12085967983115,0.115605398,0.130195160621207
SD1,SL1,CL,1.006285,1.005901608,0.882571,1.10251,1.00307654015202,1.00872667584798,0.005901608,0.0327345464704187
SD1,SL1,V,1.107335,1.165161582,0.635144,2.21553,1.14095801049571,1.18936515350429,0.165161582,0.321519208734293
SD1,SL1,Q,1.014055,1.07978589,0.327654,6.9797,1.04379887755672,1.11577290244328,0.0797858900000001,0.417843135225072
SD1,SL1,Vp,0.963804,0.919240026,0.268493,1.22131,0.905354138280687,0.933125913719313,-0.0807599740000001,0.177676502705107
SD1,SL1,Ka,1.07229,1.104993108,0.605309,1.96932,1.08437338567236,1.12561283032764,0.104993108,0.257396406260289
SD1,SL1,BCL,0.987913,0.988381388,0.806824,1.29388,0.982511523516297,0.994251252483703,-0.011618612,0.0679020430676132
SD1,SL1,BV,1.05131,1.066987846,0.226275,1.74978,1.04460253445737,1.08937315754263,0.066987846,0.26377988211571
SD1,SL1,BQ,1.35696,1.467536908,0.01,4.1704,1.41306185538541,1.52201196061459,0.467536908,0.777218652814565
SD1,SL1,BVp,1.05712,1.083237086,0.494196,2.29824,1.06518077819788,1.10129339380212,0.083237086,0.221989358499046
SD1,SL1,BKa,1.02515,1.0048748254,0.0492187,1.87961,0.981016380972979,1.02873326982702,0.0048748254,0.271965667761171
SD1,SL1,RUV,1.60053,1.59790458,1.01287,2.07466,1.58401449251253,1.61179466748747,0.597904580000001,0.61850772510212
SD1,SL2,CL,1.01239,1.012926052,0.934351,1.1116,1.01019172324091,1.01566038075909,0.012926052,0.0337383527752023
SD1,SL2,V,1.41944,1.478975432,0.59107,2.62677,1.43663718742245,1.52131367657755,0.478975432,0.679900102183234
SD1,SL2,Q,1.01886,36.2527496428,0.0191025,17493.7,-32.3163820013643,104.821881286964,35.2527496428,782.298029511753
SD1,SL2,Vp,0.7948815,0.7384606834,0.01,1.28022,0.712377443403023,0.764543923396977,-0.2615393166,0.395951271637167
SD1,SL2,Ka,1.371115,1.366149626,0.555282,2.17686,1.33512838211915,1.39717086988085,0.366149626,0.508988431315736
SD1,SL2,BCL,0.9816435,0.981747114,0.802293,1.20329,0.975994753698539,0.987499474301461,-0.018252886,0.0680548739940792
SD1,SL2,BV,0.875552,0.943259322,0.136436,1.8438,0.917180667016401,0.969337976983599,-0.056740678,0.302593841632552
SD1,SL2,BQ,1.09296,1.2594037466,0.01,4.58705,1.15850189687833,1.36030559632167,0.259403746600001,1.17890263908321
SD1,SL2,BVp,1.121455,1.357541228,0.01,10.2702,1.2864947872981,1.4285876687019,0.357541228,0.885161746706225
SD1,SL2,BKa,1.235785,1.180168136,0.01,1.95787,1.14987144980924,1.21046482219076,0.180168136,0.38947791871918
SD1,SL2,RUV,2.169645,2.16779814,1.44094,2.76011,2.14920387189106,2.18639240810894,1.16779814,1.18687173311095
SD1,SL3,CL,1.018505,1.019284078,0.941736,1.11998,1.01651961046857,1.02204854553143,0.019284078,0.0369404519194609
SD1,SL3,V,1.62391,1.638019594,0.295838,2.76478,1.58229879867553,1.69374038932447,0.638019594,0.900210525253931
SD1,SL3,Q,1.521275,2464158.9313938,0.01,894852000,-1229406.77795469,6157724.64074228,2464157.9313938,42168754.9088963
SD1,SL3,Vp,0.689575,0.653352683,0.01,1.53552,0.617501309673314,0.689204056326686,-0.346647317,0.535841129238674
SD1,SL3,Ka,1.66562,1.619798266,0.489698,2.53051,1.58264418668718,1.65695234531282,0.619798266,0.750643191209929
SD1,SL3,BCL,0.9756035,0.97626795,0.800569,1.19625,0.970496190218568,0.982039709781432,-0.02373205,0.0699324574119486
SD1,SL3,BV,0.787916,0.9125255868,0.01,2.56934,0.877034733993221,0.948016439606779,-0.0874744132,0.413850324984584
SD1,SL3,BQ,1.64302,5.1018909198,0.01,521.445,2.48764534150981,7.71613649809019,4.1018909198,30.0763808891654
SD1,SL3,BVp,1.08129,1.7250480904,0.01,10.9328,1.58809780655126,1.86199837424874,0.7250480904,1.72104380259817
SD1,SL3,BKa,1.51691,1.437997844,0.01,2.32724,1.3968772917971,1.4791183962029,0.437997844,0.641472973570114
SD1,SL3,RUV,2.631535,2.64040434,1.76319,3.36068,2.61998467239584,2.66082400760416,1.64040434,1.65683109356186
SD1,TD1,CL,0.998973,0.998086114,0.722399,1.27166,0.99445139393644,1.00172083406356,-0.001913886,0.0414702015309065
SD1,TD1,V,1.04893,1.054278904,0.742394,1.39039,1.04608513822008,1.06247266977992,0.054278904,0.108015291493677
SD1,TD1,Q,0.994159,1.008065122,0.705381,1.71395,0.998144934975339,1.01798530902466,0.008065122,0.113350688754899
SD1,TD1,Vp,0.982229,0.981160972,0.776652,1.14403,0.976090529029754,0.986231414970246,-0.018839028,0.0607825811471346
SD1,TD1,Ka,1.014675,1.020731922,0.640621,1.39909,1.01195786291279,1.02950598108721,0.020731922,0.102127070912026
SD1,TD1,BCL,0.993768,0.994493152,0.815183,1.36351,0.988340277523383,1.00064602647662,-0.005506848,0.0703420765959891
SD1,TD1,BV,1.039035,1.03855304,0.224376,1.4821,1.02508863271298,1.05201744728702,0.03855304,0.158226680852516
SD1,TD1,BQ,1.093755,1.187359064,0.258568,5.95081,1.13710747352744,1.23761065447256,0.187359064,0.60259952328945
SD1,TD1,BVp,1.034655,1.033630816,0.615761,1.45324,1.02474055944784,1.04252107255216,0.033630816,0.10676039033606
SD1,TD1,BKa,0.987032,0.990702714,0.581649,1.51195,0.977688832830205,1.0037165951698,-0.00929728599999999,0.148614280275652
SD1,TD1,RUV,1.04209,1.04549868,0.891459,1.67599,1.04055347754717,1.05044388245283,0.04549868,0.0724348183497964
SD1,TD2,CL,1.00378,1.00527446241458,0.86074,1.32188,1.00119737521868,1.00935154961048,0.00527446241457858,0.0438533898618032
SD1,TD2,V,1.28173,1.29879997038724,0.674325,2.33681,1.27527137487131,1.32232856590318,0.298799970387244,0.39038679593913
SD1,TD2,Q,1.08887,1.17604917312073,0.318802,5.70546,1.13904338936644,1.21305495687502,0.176049173120729,0.432590311947795
SD1,TD2,Vp,0.856014,0.842201104783599,0.158711,1.22998,0.828339181536684,0.856063028030514,-0.157798895216401,0.216355286562596
SD1,TD2,Ka,1.22312,1.225814476082,0.637226,1.97862,1.20505986605302,1.24656908611099,0.225814476082005,0.316395920719483
SD1,TD2,BCL,0.995654,0.996134328018223,0.814953,1.37539,0.989360054534126,1.00290860150232,-0.00386567198177677,0.0724387523941373
SD1,TD2,BV,0.971328,0.984086209567198,0.265261,1.82258,0.963770444121463,1.00440197501293,-0.0159137904328018,0.217514191851636
SD1,TD2,BQ,1.7802,1.84304552164009,0.01,5.56162,1.77619457073637,1.90989647254381,0.843045521640091,1.10466426767175
SD1,TD2,BVp,1.1313,1.15152244646925,0.283583,2.91302,1.12961042234669,1.17343447059181,0.151522446469248,0.278754117541086
SD1,TD2,BKa,1.21876,1.19730968109339,0.236819,1.79684,1.17345172244769,1.2211676397391,0.197309681093394,0.322228303469432
SD1,TD2,RUV,1.33898,1.35309993394077,0.997861,1.89544,1.33844662628146,1.36775324160009,0.353099933940774,0.38621457379472
SD2,A1,CL,1.003475,1.003139544,0.905987,1.2422,1.00023856554987,1.00604052245013,0.003139544,0.033212060970256
SD2,A1,V,0.783058,0.79867962,0.36137,1.74977,0.778388039581376,0.818971200418624,-0.20132038,0.306619310609485
SD2,A1,Q,0.716298,0.72863742,0.216809,1.60193,0.708484776016047,0.748790063983953,-0.27136258,0.355518259867495
SD2,A1,Vp,1.117385,1.0961279,0.582451,1.27041,1.087298785545,1.104957014455,0.0961279000000001,0.13916389716489
SD2,A1,Ka,0.730011,0.741143708,0.281793,1.51451,0.721362519364881,0.760924896635119,-0.258856292,0.343271459843821
SD2,A1,BCL,0.9823625,0.98163643,0.790437,1.17839,0.976056989933351,0.987215870066649,-0.01836357,0.0661889930455057
SD2,A1,BV,1.287165,1.258786592,0.01,2.07677,1.23441809194526,1.28315509205474,0.258786592,0.379614753174868
SD2,A1,BQ,0.01,0.4258440462,0.01,3.94153,0.36114430330132,0.49054378909868,-0.574155953800002,0.93456826096498
SD2,A1,BVp,0.9362245,0.941450556,0.69856,1.4531,0.932124414387314,0.950776697612686,-0.0585494439999999,0.121351614793755
SD2,A1,BKa,0.8114665,0.820538128,0.01,1.44329,0.804792255943966,0.836284000056034,-0.179461872,0.253796450938101
SD2,A1,RUV,1.41124,1.44711446,1.12089,1.99102,1.43163099682484,1.46259792317516,0.44711446,0.480679639084286
SD2,A2,CL,1.00344,1.002295076,0.92491,1.09226,0.999594637178718,1.00499551482128,0.002295076,0.0308631782561032
SD2,A2,V,0.4769485,0.551138964,0.160034,1.85398,0.530524515579108,0.571753412420892,-0.448861036,0.506633337289263
SD2,A2,Q,0.395525,0.4672844956,0.0559279,2.53419,0.445930933353569,0.488638057846431,-0.5327155044,0.585675899204592
SD2,A2,Vp,1.15072,1.132896866,0.446357,1.47358,1.12504844248378,1.14074528951622,0.132896866,0.16019686867024
SD2,A2,Ka,0.413222,0.488973622,0.128858,1.57033,0.469446205628639,0.508501038371361,-0.511026378,0.557387548925157
SD2,A2,BCL,0.9688115,0.968226898,0.771144,1.18934,0.962546799932261,0.973906996067739,-0.031773102,0.072114591359738
SD2,A2,BV,1.388885,1.3617233,0.01,2.14783,1.33835671346284,1.38508988653716,0.3617233,0.449185954603084
SD2,A2,BQ,0.01,0.1983171184,0.01,3.64558,0.157158167424248,0.239476069375752,-0.801682881600005,0.928844073463999
SD2,A2,BVp,0.962163,0.981310502,0.707301,1.97149,0.969996082695108,0.992624921304892,-0.018689498,0.130301202451466
SD2,A2,BKa,0.673815,0.6893314892,0.01,1.3323,0.673207306359086,0.705455672040914,-0.3106685108,0.360953124074374
SD2,A2,RUV,1.869685,1.87175558,1.29252,2.59104,1.85261850313558,1.89089265686442,0.87175558,0.898626867218091
SD2,A3,CL,0.994808,0.994694526,0.915487,1.08913,0.991987724430589,0.997401327569411,-0.005305474,0.031303124459996
SD2,A3,V,0.2882165,0.329461244,0.149053,2.39255,0.313752268136371,0.345170219863629,-0.670538756,0.694029929244862
SD2,A3,Q,0.189863,0.2272360372,0.0676832,1.3976,0.213613192185832,0.240858882214168,-0.772763962799999,0.788207438484704
SD2,A3,Vp,1.083795,1.070790062,0.159077,1.31609,1.06156521648465,1.08001490751535,0.070790062,0.126749011695153
SD2,A3,Ka,0.231678,0.270660394,0.130131,1.73185,0.256867412104792,0.284453375895208,-0.729339606,0.74608912957064
SD2,A3,BCL,0.946768,0.94641612,0.736324,1.13652,0.940573871782253,0.952258368217747,-0.05358388,0.0854687807619835
SD2,A3,BV,1.34677,1.2839613838,0.01,2.1296,1.25227726397224,1.31564550362776,0.2839613838,0.459387733869146
SD2,A3,BQ,0.01,0.3696016212,0.01,3.32566,0.316686135464767,0.422517106935233,-0.630398378800003,0.872424451488868
SD2,A3,BVp,1.25675,1.282440502,0.716824,4.72442,1.25712714101468,1.30775386298532,0.282440502,0.403741569278743
SD2,A3,BKa,0.642693,0.6086136246,0.01,1.1667,0.59148275236615,0.62574449683385,-0.3913863754,0.437383367073189
SD2,A3,RUV,2.49345,2.4949389,1.75544,3.40234,2.46979149953522,2.52008630046478,1.4949389,1.52216592312317
SD2,All,CL,1.001845,1.00187324,0.923479,1.0837,0.999181704783598,1.0045647752164,0.00187324,0.0307333899047925
SD2,All,V,1.11792,1.120793772,0.972376,1.24375,1.11713461242754,1.12445293157246,0.120793772,0.127790475298247
SD2,All,Ka,2.221,1.254396e+48,1.66871,6.27198e+50,-1.20417498235111e+48,3.71296698235111e+48,1.254396e+48,2.80491472670383e+49
SD2,All,BCL,0.9622885,0.965776668,0.694837,1.22787,0.959655136137215,0.971898199862785,-0.034223332,0.077710651027282
SD2,All,BV,0.736777,0.7370076,0.478378,1.10515,0.730642128961354,0.743373071038646,-0.2629924,0.272815672780132
SD2,All,BKa,1.705945,4.209940511,0.01,331.01,2.39898926185109,6.02089176014891,3.209940511,20.8880789675454
SD2,All,RUV,3.13592,3.34655368,2.44455,4.68468,3.29935415990044,3.39375320009956,2.34655368,2.4074263258166
SD2,B,CL,1.00103,1.000508398,0.725645,1.34822,0.996215521396764,1.00480127460324,0.000508398,0.048929866536687
SD2,B,V,1.026685,1.03375239,0.743544,1.62368,1.02426867197704,1.04323610802296,0.03375239,0.113236120246245
SD2,B,Q,0.9667245,1.007529078,0.678111,2.72156,0.990766951447513,1.02429120455249,0.00752907799999999,0.191191378059268
SD2,B,Vp,1.007235,1.003225882,0.655558,1.31122,0.996824616144393,1.00962714785561,0.00322588199999999,0.0730284643824173
SD2,B,Ka,0.997494,1.000538292,0.728642,1.63873,0.991654643399309,1.00942194060069,0.000538291999999994,0.101251086156624
SD2,B,BCL,0.995336,0.997206846,0.81688,1.47639,0.990528098751965,1.00388559324803,-0.002793154,0.0761709504584917
SD2,B,BV,1.0202,1.010531114,0.01,1.85188,0.99237044910091,1.02869177889909,0.010531114,0.207250376497583
SD2,B,BQ,0.8290975,0.936046339,0.01,4.91305,0.877086867563089,0.995005810436911,-0.063953661,0.67501553789765
SD2,B,BVp,0.9802605,0.98563851,0.605814,2.79208,0.971796267551553,0.999480752448447,-0.01436149,0.158416587305301
SD2,B,BKa,0.971049,0.972376454,0.421204,1.4771,0.960938700854231,0.983814207145769,-0.027623546,0.133254179503181
SD2,B,RUV,1.004515,1.009138214,0.897327,2.56248,1.00155572318473,1.01672070481527,0.009138214,0.0869017658880301
SD2,D,CL,1.00352,1.004607632,0.806036,1.31075,1.00088834350749,1.00832692049251,0.00460763199999999,0.0426395479490578
SD2,D,V,1.030195,1.037772102,0.527193,2.0308,1.02701455403645,1.04852964996355,0.037772102,0.12829350122675
SD2,D,Q,1.00114,1.037702192,0.648385,2.79029,1.02019635543352,1.05520802856648,0.037702192,0.20305031845944
SD2,D,Vp,1.012915,1.007011728,0.467594,1.32738,1.0000310318819,1.0139924241181,0.007011728,0.0798694992869243
SD2,D,Ka,1.005735,1.011742268,0.720401,1.78246,1.002373033272,1.021111502728,0.011742268,0.107427694852733
SD2,D,BCL,1.046875,1.050823996,0.789165,1.48239,1.04393139056708,1.05771660143292,0.0508239960000001,0.0935644216247608
SD2,D,BV,1.164345,1.172109692,0.345765,2.90086,1.15333714071276,1.19088224328724,0.172109692,0.274589018745907
SD2,D,BQ,0.906603,0.985951363,0.01,5.27447,0.932409546846644,1.03949317915336,-0.014048637,0.610394115774501
SD2,D,BVp,1.023545,1.03116557,0.666935,1.74261,1.01960700749269,1.04272413250731,0.03116557,0.135372778456993
SD2,D,BKa,0.963101,0.962425192,0.59175,1.51878,0.950933067256016,0.973917316743984,-0.037574808,0.136262361762197
SD2,D,RUV,1.002605,1.007617446,0.862875,1.77492,1.00151018391118,1.01372470808882,0.00761744600000001,0.0700219018395673
SD2,D2,CL,1.019735,1.020130828,0.692483,1.33844,1.0155068605492,1.0247547954508,0.020130828,0.0564147255585632
SD2,D2,V,1.03701,1.055895954,0.417613,1.99985,1.04247913360241,1.06931277439759,0.055895954,0.162811356618235
SD2,D2,Q,1.09899,1.154672012,0.82767,5.2885,1.12509509587326,1.18424892812674,0.154672012,0.370888008723501
SD2,D2,Vp,1.02207,1.013313086,0.481581,1.42844,1.00453988721822,1.02208628478177,0.013313086,0.100873204237488
SD2,D2,Ka,1.046565,1.058485358,0.839041,1.82519,1.0482485761551,1.0687221398449,0.058485358,0.130509881629714
SD2,D2,BCL,1.20961,1.21843115,0.99199,1.88194,1.21015454710914,1.22670775289086,0.21843115,0.237929609729958
SD2,D2,BV,1.605115,1.600611626,0.530534,3.3748,1.57562925947676,1.62559399252324,0.600611626,0.664685220637644
SD2,D2,BQ,1.0691,1.157899004,0.01,5.04467,1.09933688300588,1.21646112499412,0.157899004,0.685873234879213
SD2,D2,BVp,1.13873,1.150216006,0.417245,2.95254,1.13281654768922,1.16761546431078,0.150216006,0.248777993936566
SD2,D2,BKa,0.9644985,0.9717464,0.523562,1.71435,0.958176772219642,0.985316027780358,-0.0282536,0.157216769183507
SD2,D2,RUV,1.007075,1.009848128,0.85548,1.62538,1.00467596975605,1.01502028624395,0.00984812800000001,0.0597656332138127
SD2,M,CL,1.00232,1.00173621,0.92476,1.09325,0.99904431911189,1.00442810088811,0.00173621,0.0307293894032732
SD2,M,V,1.06356,1.063517202,0.992781,1.13009,1.06153371099183,1.06550069300817,0.0635172020000001,0.0674202243241744
SD2,M,Ka,2.07962,2.08867422,1.73762,2.52487,2.07702666823524,2.10032177176476,1.08867422,1.09673803004811
SD2,M,BCL,0.986151,0.987800274,0.816478,1.2006,0.982137220972539,0.993463327027461,-0.012199726,0.0656863944916601
SD2,M,BV,0.689611,0.692245108,0.543543,0.843529,0.687644045067428,0.696846170932572,-0.307754892,0.312190643152411
SD2,M,BKa,1.910255,1.90554044,1.22831,2.40278,1.8903400805542,1.9207407994458,0.90554044,0.921963487928888
SD2,M,RUV,1.265545,1.27965752,1.06452,1.61587,1.27158963958479,1.28772540041521,0.27965752,0.29438667851518
SD2,S1,CL,1.000385,1.000852828,0.722239,1.50807,0.996574946234408,1.00513070976559,0.000852828000000001,0.0487637826176764
SD2,S1,V,1.03792,1.04550605,0.509483,2.10148,1.03347695538261,1.05753514461739,0.04550605,0.144454175165088
SD2,S1,Q,0.9696775,1.016436558,0.528715,2.74911,0.998289941623348,1.03458317437665,0.016436558,0.207474620367682
SD2,S1,Vp,0.996505,0.996183452,0.262992,1.34055,0.988634308500519,1.00373259549948,-0.003816548,0.0861244986055188
SD2,S1,Ka,1.001285,1.01166925,0.692454,1.72647,1.00161104115549,1.02172745884451,0.01166925,0.115228873300497
SD2,S1,BCL,0.9940505,0.994685978,0.755421,1.66564,0.988123088828044,1.00124886717196,-0.005314022,0.0749877780616415
SD2,S1,BV,1.019995,1.0178738988,0.01,2.48744,0.997174362909339,1.03857343469066,0.0178738988,0.236595050284274
SD2,S1,BQ,0.851486,0.9336918356,0.01,7.56745,0.874136429358805,0.993247241841195,-0.0663081644000001,0.682002230730442
SD2,S1,BVp,0.987496,0.998786566,0.56674,3.12994,0.981467805712918,1.01610532628708,-0.00121343399999999,0.197390928109997
SD2,S1,BKa,0.971068,0.974647082,0.176489,1.61161,0.962533893384,0.986760270616,-0.025352918,0.140366311503459
SD2,S1,RUV,1.018565,1.022208624,0.85921,1.37583,1.01768585446287,1.02673139353713,0.022208624,0.0561280313336215
SD2,SL1,CL,1.001185,1.000644972,0.679411,1.19338,0.996827585192653,1.00446235880735,0.000644972000000001,0.0435127032296087
SD2,SL1,V,1.09523,1.10352918,0.716487,1.92256,1.08971006195385,1.11734829804615,0.10352918,0.188480141965757
SD2,SL1,Q,0.9929185,1.045400468,0.648847,3.55048,1.02383832786342,1.06696260813658,0.045400468,0.249908802359005
SD2,SL1,Vp,0.9682885,0.96197024,0.45019,1.21282,0.95354155274172,0.97039892725828,-0.03802976,0.103318036156443
SD2,SL1,Ka,1.03874,1.048178072,0.668889,1.59289,1.03679273385995,1.05956341014005,0.048178072,0.138417298787095
SD2,SL1,BCL,0.9942035,0.995828062,0.724519,1.65112,0.988957545140861,1.00269857885914,-0.004171938,0.0784164352725498
SD2,SL1,BV,1.01289,1.008023744,0.01,1.80516,0.98861738334402,1.02743010465598,0.008023744,0.221325707741925
SD2,SL1,BQ,0.933593,1.045313682,0.01,6.00641,0.982111429738036,1.10851593426196,0.045313682,0.721759216874471
SD2,SL1,BVp,1.009275,1.015705728,0.63047,1.67756,1.00299913801744,1.02841231798256,0.015705728,0.145670033695582
SD2,SL1,BKa,0.998847,0.996447446,0.526496,1.42593,0.983258475068471,1.00963641693153,-0.003552554,0.150360702003994
SD2,SL1,RUV,1.06944,1.078009316,0.902088,1.74056,1.07181037476852,1.08420825723148,0.0780093160000001,0.105247560925411
SD2,SL2,CL,1.003025,1.0047479,0.863237,1.30816,1.0011867739596,1.0083090260404,0.0047479,0.0408640020167384
SD2,SL2,V,1.183015,1.222386038,0.719829,2.28252,1.20112538118014,1.24364669481986,0.222386038,0.32889469404469
SD2,SL2,Q,1.02472,1.112757088,0.379989,2.61773,1.08395548475283,1.14155869124717,0.112757088,0.347086769054408
SD2,SL2,Vp,0.914277,0.891321068,0.247501,1.23512,0.878100122949081,0.904542013050919,-0.108678932,0.185786224113006
SD2,SL2,Ka,1.127235,1.128975314,0.648178,1.73206,1.11457590142852,1.14337472657148,0.128975314,0.208729971779431
SD2,SL2,BCL,0.9918065,0.995691866,0.674491,2.25148,0.98751762701821,1.00386610498179,-0.004308134,0.0932638531292483
SD2,SL2,BV,0.9681505,0.96832021,0.01,1.67156,0.947344428109129,0.989295991890871,-0.03167979,0.241157264218497
SD2,SL2,BQ,1.107035,1.2280375646,0.01,10.9679,1.14501516662632,1.31105996257368,0.2280375646,0.973321839073172
SD2,SL2,BVp,1.05645,1.08769751,0.576613,2.59021,1.06779420960675,1.10760081039325,0.08769751,0.243205776075294
SD2,SL2,BKa,1.051175,1.058411882,0.469242,1.59191,1.04200072673924,1.07482303726076,0.058411882,0.195951554988854
SD2,SL2,RUV,1.183585,1.20202204,1.00109,2.19135,1.19326537255674,1.21077870744326,0.20202204,0.225329594448665
SD2,SL3,CL,1.0136,1.013358848,0.935273,1.12869,1.01058647545469,1.01613122054531,0.013358848,0.0343054754773637
SD2,SL3,V,1.833145,1.778506608,0.013206,2.65918,1.73758465942429,1.81942855657571,0.778506607999999,0.90752489989362
SD2,SL3,Q,0.8791655,116944.172393197,0.0676377,36623300,-49535.0453256909,283423.390112086,116943.172393197,1901014.82808062
SD2,SL3,Vp,0.5160425,0.5469880954,0.0137418,1.75308,0.519972052457218,0.574004138342782,-0.4530119046,0.547748490486766
SD2,SL3,Ka,1.471955,1.454985014,0.461848,2.04927,1.43426202609669,1.47570800190331,0.454985014,0.51263563414164
SD2,SL3,BCL,0.9871305,0.985645624,0.806362,1.19735,0.979858304466932,0.991432943533068,-0.014354376,0.0675037006545567
SD2,SL3,BV,0.743144,0.804337569,0.01,10.4597,0.757987244108414,0.850687893891586,-0.195662431,0.563339786961928
SD2,SL3,BQ,0.404563,3.058144858,0.01,449.343,1.16892028320407,4.94736943279593,2.058144858,21.6302095835322
SD2,SL3,BVp,1.541905,1.743241608,0.01,9.06576,1.65323959959761,1.83324361640239,0.743241608,1.26674127171756
SD2,SL3,BKa,1.41093,1.397884738,0.17513,2.31979,1.37339278812791,1.42237668787209,0.397884738,0.486037703593199
SD2,SL3,RUV,1.971545,1.98367856,1.31979,3.52701,1.96112615726348,2.00623096273652,0.983678560000001,1.01670611929013
SD2,TD1,CL,1.0009,1.001810342,0.68001,1.3216,0.997602498318183,1.00601818568182,0.001810342,0.0479922357023925
SD2,TD1,V,1.042815,1.05523015,0.769589,1.70575,1.0447160392688,1.0657442607312,0.0552301500000001,0.1319477347263
SD2,TD1,Q,0.9782805,1.024798268,0.694696,5.38561,1.00067444824289,1.04892208775711,0.024798268,0.276062589361377
SD2,TD1,Vp,0.996942,0.990712582,0.642195,1.19996,0.984123034082471,0.997302129917529,-0.009287418,0.0756751621650459
SD2,TD1,Ka,1.005185,1.018112532,0.791925,1.94802,1.00773328525433,1.02849177874567,0.018112532,0.119674040071571
SD2,TD1,BCL,0.9897495,0.994798904,0.794367,1.55529,0.987974156455768,1.00162365154423,-0.00520109599999999,0.0779574259493732
SD2,TD1,BV,1.017505,1.0105927808,0.01,2.58745,0.991723529735608,1.02946203186439,0.0105927808,0.2153193324804
SD2,TD1,BQ,0.867724,0.986065254,0.01,6.04825,0.920166890539625,1.05196361746038,-0.013934746,0.751193023916259
SD2,TD1,BVp,0.98785,0.981925182,0.101053,1.41401,0.970297557873292,0.993552806126708,-0.018074818,0.133750509705638
SD2,TD1,BKa,0.9817925,0.986141128,0.457699,1.5055,0.97389614403142,0.99838611196858,-0.013858872,0.140246254400608
SD2,TD1,RUV,1.00892,1.01239814,0.902459,1.64133,1.00737701017161,1.01741926982839,0.01239814,0.0585549606505546
SD2,TD2,CL,1.00084,1.002233482,0.745335,1.35117,0.997810887137868,1.00665607686213,0.002233482,0.0504551225351995
SD2,TD2,V,1.110185,1.122503308,0.737281,1.95805,1.1097522116837,1.1352544043163,0.122503308,0.190071902308753
SD2,TD2,Q,0.9860085,1.039121698,0.51641,6.23333,1.01070705687523,1.06753633912477,0.039121698,0.32620476675317
SD2,TD2,Vp,0.958302,0.949733188,0.410198,1.31624,0.941459495788876,0.958006880211124,-0.050266812,0.10685891039918
SD2,TD2,Ka,1.03646,1.055924562,0.73809,1.78683,1.04556532220586,1.06628380179414,0.055924562,0.130642535055264
SD2,TD2,BCL,0.9924755,0.998942536,0.81807,1.65729,0.991444230419792,1.00644084158021,-0.00105746399999999,0.0854670200419086
SD2,TD2,BV,0.9906645,0.985916628,0.01,1.71037,0.968476522197897,1.0033567338021,-0.014083372,0.199268506914314
SD2,TD2,BQ,0.949749,1.0501045274,0.01,6.14134,0.985252968467407,1.11495608633259,0.0501045274,0.74082931857015
SD2,TD2,BVp,1.011525,1.018922514,0.103562,1.94398,1.00552793625305,1.03231709174695,0.018922514,0.153830347600524
SD2,TD2,BKa,1.022215,1.02480706,0.272495,1.72972,1.0106466270188,1.03896749298121,0.02480706,0.163286170248481
SD2,TD2,RUV,1.025955,1.030027796,0.865112,1.73739,1.02407815901395,1.03597743298605,0.030027796,0.0741609159896505
SD3,A1,CL,1.000144,1.00090596,0.867806,1.2588,0.997892945336804,1.0039189746632,0.000905959999999995,0.0343521963633186
SD3,A1,V,0.528203,0.5999669066,0.01,2.37353,0.556840535888474,0.643093277311526,-0.4000330934,0.633737110126543
SD3,A1,Q,0.6531465,0.7373455696,0.0497288,3.55009,0.704702977489265,0.769988161710735,-0.2626544304,0.455411151248876
SD3,A1,Vp,1.209575,1.207766948,0.116166,1.72694,1.18310318101026,1.23243071498974,0.207766948,0.34954911780038
SD3,A1,Ka,0.609691,0.679927006,0.300911,1.74794,0.658777328650143,0.701076683349857,-0.320072994,0.400688783017162
SD3,A1,BCL,0.974585,0.976770194,0.784151,1.31579,0.970577652902426,0.982962735097574,-0.023229806,0.0743028781409845
SD3,A1,BV,1.78272,3.037531756,0.01,12.8822,2.76252985502497,3.31253365697503,2.037531756,3.73834865669436
SD3,A1,BQ,0.01,0.4684523594,0.01,5.05136,0.387230260060575,0.549674458739425,-0.531547640600002,1.06746783059672
SD3,A1,BVp,0.8474345,0.885940216,0.434708,3.10421,0.866824484687424,0.905055947312576,-0.114059784,0.245918734187032
SD3,A1,BKa,0.722061,0.711504366,0.01,1.79098,0.687090186511251,0.735918545488749,-0.288495634,0.400819227225279
SD3,A1,RUV,1.57998,1.63391366,1.16661,2.64788,1.61158757096187,1.65623974903813,0.63391366,0.683077610429298
SD3,A2,CL,1.00114,1.002336378,0.914391,1.10284,0.999517230362307,1.00515552563769,0.002336378,0.0322155190025242
SD3,A2,V,0.376218,0.4233095294,0.01,2.55159,0.385567298913533,0.461051759886467,-0.576690470600001,0.719450683901878
SD3,A2,Q,0.4229885,0.8900837044,0.036831,176.508,0.198908002241163,1.58125940655884,-0.1099162956,7.87830729214608
SD3,A2,Vp,1.205545,1.2246688186,0.0506425,1.76015,1.20233554254507,1.24700209465493,0.2246688186,0.339508858233309
SD3,A2,Ka,0.4115595,0.492907188,0.141176,1.66434,0.470083681695672,0.515730694304328,-0.507092812,0.569920082131125
SD3,A2,BCL,0.956893,0.957999528,0.759809,1.14576,0.952172293300282,0.963826762699718,-0.042000472,0.0785809245886303
SD3,A2,BV,1.7126,3.0035188232,0.01,13.7701,2.71905702026835,3.28798062613165,2.0035188232,3.81120547908163
SD3,A2,BQ,0.01,0.3618881294,0.01,6.38041,0.292795076689572,0.430981182110428,-0.638111870600004,1.01355958370691
SD3,A2,BVp,0.89923,0.957800182,0.283366,5.23316,0.927575933092146,0.988024430907854,-0.042199818,0.347050205131059
SD3,A2,BKa,0.577361,0.5048255016,0.01,1.45075,0.478288203440319,0.531362799759681,-0.495174498400001,0.580237897582623
SD3,A2,RUV,2.17453,2.19638772,1.48536,3.38309,2.16658921668855,2.22618622331145,1.19638772,1.24365876104613
SD3,A3,CL,1.00132,0.999408452,0.662935,1.10105,0.995904645095744,1.00291225890426,-0.000591547999999998,0.0399383380974722
SD3,A3,V,0.3515515,0.4253962032,0.01,2.55231,0.38910464003228,0.46168776636772,-0.574603796800001,0.707994358714606
SD3,A3,Q,0.1902215,100724.847500058,0.01,50362200,-96691.3471066943,298141.042106811,100723.847500058,2252266.00920784
SD3,A3,Vp,1.07217,1.1898135064,0.0942212,15.0475,1.107846983175,1.271780029625,0.1898135064,0.953285957276153
SD3,A3,Ka,0.2463865,0.3998122236,0.0826837,1.85302,0.36824200102713,0.43138244617287,-0.6001877764,0.69978034823164
SD3,A3,BCL,0.9322875,0.934315662,0.655789,1.13265,0.928013967268617,0.940617356731383,-0.065684338,0.0973287244405782
SD3,A3,BV,0.01,0.8430202364,0.01,13.5071,0.650008630339324,1.03603184246068,-0.1569797636,2.20540616721384
SD3,A3,BQ,0.01,0.4484990728,0.01,10.0517,0.374489830736002,0.522508314863998,-0.551500927200002,1.00779736106286
SD3,A3,BVp,1.29729,1.406432402,0.01,8.94528,1.32707112424592,1.48579367975408,0.406432402,0.99162294762539
SD3,A3,BKa,0.5109275,0.4125029836,0.01,1.00621,0.386686780815553,0.438319186384447,-0.587497016400001,0.657059407273869
SD3,A3,RUV,2.97169,3.02591974,2.10497,4.63532,2.98508101681604,3.06675846318396,2.02591974,2.078700506335
SD3,All,CL,1.0128,1.01144532,0.803491,1.11328,1.0084064255687,1.0144842144313,0.01144532,0.0364772936962709
SD3,All,V,1.113675,1.11315642,1.02591,1.21536,1.11059937310005,1.11571346689995,0.11315642,0.116849115211883
SD3,All,Ka,1.743965,25005200960794.1,1.33163,1.25026e+16,-24004090461653.1,74014492383241.3,25005200960792.7,559133269909778
SD3,All,BCL,0.9464015,0.947823574,0.765222,1.13788,0.941874742880756,0.953772405119243,-0.0521764260000001,0.0855529474364852
SD3,All,BV,0.685483,0.683683316,0.256018,0.8968,0.677123894472103,0.690242737527897,-0.316316684,0.325031170452491
SD3,All,BKa,0.01,40.6444676226,0.01,16187.7,-23.8507559908801,105.13969123608,39.6444676225996,736.140045757959
SD3,All,RUV,3.70374,3.68558664,1.83072,4.6309,3.65948947478214,3.71168380521786,2.68558664,2.70200750992739
SD3,B,CL,0.9999935,1.00314791,0.875884,1.32176,0.999557640204537,1.00673817979546,0.00314791,0.0410403059467397
SD3,B,V,1.024115,0.9927638968,0.01,2.30369,0.959678309355195,1.0258494842448,-0.00723610320000001,0.377155963272475
SD3,B,Q,0.915847,1.0416475,0.142359,7.49539,0.986806319995598,1.0964886800044,0.0416475000000001,0.626427653617524
SD3,B,Vp,1.010145,1.029128776,0.177773,1.76093,1.0076092538149,1.0506482981851,0.029128776,0.246988242720636
SD3,B,Ka,0.9580225,0.977704994,0.688775,2.19908,0.96299744948751,0.99241253851249,-0.022295006,0.169102539551427
SD3,B,BCL,0.9923465,0.992424956,0.75544,1.23818,0.986485324989951,0.998364587010049,-0.007575044,0.0681182868340654
SD3,B,BV,1.0834,1.221091752,0.01,10.2889,1.13407336083173,1.30811014316827,0.221091752,1.01611985114217
SD3,B,BQ,0.69967,0.770439644,0.01,6.31471,0.695898413224662,0.844980874775338,-0.229560356,0.880037341326205
SD3,B,BVp,0.9347755,0.966423638,0.33901,2.33212,0.946931001424748,0.985916274575252,-0.033576362,0.224686461967084
SD3,B,BKa,0.930974,0.942359826,0.326724,4.28154,0.920809136619421,0.963910515380579,-0.057640174,0.252292427653226
SD3,B,RUV,1.001175,1.002378766,0.802217,1.69204,0.996158802915096,1.0085987290849,0.002378766,0.0709307171483413
SD3,D,CL,1.00264,1.00362205,0.843983,1.24813,1.00006889344628,1.00717520655372,0.00362205,0.0406580677120544
SD3,D,V,0.962451,0.912569257,0.01,2.32867,0.877464851174781,0.947673662825219,-0.087430743,0.409537114734997
SD3,D,Q,0.984677,1.088071536,0.147326,4.26248,1.04622455672555,1.12991851527445,0.088071536,0.485006214966155
SD3,D,Vp,1.054,1.084134822,0.125232,1.75238,1.06093890058229,1.10733074341771,0.084134822,0.277435925726828
SD3,D,Ka,0.953056,0.974029418,0.697214,1.7884,0.960400138659825,0.987658697340175,-0.025970582,0.157493087468949
SD3,D,BCL,1.043745,1.049686264,0.795772,1.58119,1.04295129722286,1.05642123077714,0.0496862639999999,0.0914379296179654
SD3,D,BV,1.36015,1.6247027936,0.01,12.3254,1.49624178237787,1.75316380482213,0.624702793599999,1.59181337135815
SD3,D,BQ,0.797803,0.832243548,0.01,6.22317,0.766124762891244,0.898362333108756,-0.167756452,0.772022658012282
SD3,D,BVp,0.942683,0.974552394,0.546433,3.24025,0.953843578116045,0.995261209883955,-0.025447606,0.2373925825171
SD3,D,BKa,0.9310755,0.943767226,0.333133,4.11687,0.922776799769076,0.964757652230924,-0.056232774,0.245754294552071
SD3,D,RUV,1.00369,1.008439518,0.802413,1.53383,1.00153206628728,1.01534696971272,0.008439518,0.0791774048801929
SD3,D2,CL,1.017405,1.020217396,0.837085,1.39514,1.01532259141739,1.02511220058261,0.020217396,0.0593379931294613
SD3,D2,V,0.955945,0.8915619986,0.01,1.81794,0.86004189662852,0.92308210057148,-0.1084380014,0.37525353225297
SD3,D2,Q,1.09733,1.220821932,0.503041,3.67942,1.17933637061059,1.26230749338941,0.220821932,0.52184719074741
SD3,D2,Vp,1.074865,1.116778926,0.564064,1.84983,1.09551403793584,1.13804381406416,0.116778926,0.269029479529463
SD3,D2,Ka,0.990583,1.015910334,0.694357,1.58177,1.00321725140289,1.02860341659711,0.015910334,0.145539209633164
SD3,D2,BCL,1.208435,1.213248904,0.877515,1.73501,1.20442315301044,1.22207465498956,0.213248904,0.235782523943629
SD3,D2,BV,1.91285,2.134669338,0.01,14.4324,2.02203341415092,2.24730526184908,1.134669338,1.71332376648348
SD3,D2,BQ,1.00744,1.0044060076,0.01,5.00631,0.935518244929804,1.0732937702702,0.00440600759999997,0.78514722509136
SD3,D2,BVp,1.044145,1.07562172,0.493885,2.7721,1.0551248641258,1.0961185758742,0.07562172,0.245543833000302
SD3,D2,BKa,0.978333,0.987544532,0.392159,1.72742,0.969893065771651,1.00519599822835,-0.012455468,0.201564354232528
SD3,D2,RUV,1.007555,1.017474416,0.805146,1.86579,1.00861988763662,1.02632894436338,0.017474416,0.102419481095542
SD3,M,CL,1.00765,1.007258308,0.928503,1.09998,1.00452508471649,1.00999153128351,0.007258308,0.0319858019110355
SD3,M,V,1.06728,1.067576364,0.997042,1.13933,1.06556184929935,1.06959087870065,0.0675763640000001,0.0713703605534398
SD3,M,Ka,1.71199,1.71523832,1.41783,2.16486,1.7053955858076,1.7250810541924,0.71523832,0.72398228697752
SD3,M,BCL,0.9931255,0.993076674,0.816487,1.20608,0.987396621105117,0.998756726894883,-0.00692332600000001,0.0651064517469198
SD3,M,BV,0.689212,0.690859626,0.551684,0.839995,0.686296201137443,0.695423050862556,-0.309140374,0.313485069140159
SD3,M,BKa,1.609415,1.61268698,1.15737,2.13658,1.59756091274235,1.62781304725765,0.61268698,0.636479266300325
SD3,M,RUV,1.200685,1.209144468,0.941387,1.60764,1.20082322163495,1.21746571436505,0.209144468,0.22964318706732
SD3,S1,CL,0.9997615,0.999714682,0.741553,1.25089,0.996193237833239,1.00323612616676,-0.000285318000000002,0.0401359884008604
SD3,S1,V,0.9884745,0.9768032668,0.01,2.1454,0.943900070498233,1.00970646310177,-0.0231967332,0.375724524918095
SD3,S1,Q,0.894939,1.040053252,0.327089,10.2941,0.97660885795081,1.10349764604919,0.040053252,0.724203581661927
SD3,S1,Vp,1.02376,1.035190114,0.276434,1.73981,1.01384158648856,1.05653864151144,0.035190114,0.245847243282966
SD3,S1,Ka,0.9385545,0.962516686,0.601391,1.83847,0.948305570244109,0.976727801755891,-0.037483314,0.166249118760401
SD3,S1,BCL,0.9935175,0.994831692,0.747573,1.42941,0.98842492751356,1.00123845648644,-0.00516830800000001,0.0732025274250828
SD3,S1,BV,1.14999,1.2662627068,0.01,11.1704,1.17588934515297,1.35663606844703,0.2662627068,1.06387131913955
SD3,S1,BQ,0.64802,0.7606408764,0.01,7.22406,0.687918143646127,0.833363609153873,-0.239359123599999,0.862713057228009
SD3,S1,BVp,0.918421,0.960337762,0.399985,2.26476,0.938828398251371,0.981847125748629,-0.039662238,0.248336505782291
SD3,S1,BKa,0.9194465,0.923458464,0.365137,1.79136,0.905827258497762,0.941089669502237,-0.076541536,0.21503208743096
SD3,S1,RUV,1.006455,1.011562422,0.844366,1.94146,1.00419669839888,1.01892814560112,0.011562422,0.0847419109216331
SD3,SL1,CL,1.001325,1.00324786,0.687475,1.28813,0.999314747253643,1.00718097274636,0.00324786,0.0449443919673634
SD3,SL1,V,0.9981215,0.9801530988,0.01,2.12344,0.947224845854542,1.01308135174546,-0.0198469012,0.375817774112986
SD3,SL1,Q,0.908811,1.063991588,0.313807,14.3959,0.989469880457279,1.13851329554272,0.063991588,0.851753872223778
SD3,SL1,Vp,1.025855,1.03687306,0.271935,1.71845,1.01560055272546,1.05814556727454,0.0368730600000001,0.24523716307891
SD3,SL1,Ka,0.9464875,0.969443562,0.600462,2.15372,0.954315791156527,0.984571332843473,-0.030556438,0.175102575210618
SD3,SL1,BCL,0.993602,0.995733944,0.828929,1.59781,0.988872706233192,1.00259518176681,-0.004266056,0.0783158990485074
SD3,SL1,BV,1.109215,1.2331923886,0.01,11.6274,1.14444620840381,1.32193856879619,0.2331923886,1.03800038951734
SD3,SL1,BQ,0.68453,0.8121733942,0.01,12.9939,0.725542922069855,0.898803866330145,-0.1878266058,1.00506051288238
SD3,SL1,BVp,0.923848,0.963971804,0.480194,2.37356,0.943488676961727,0.984454931038273,-0.036028196,0.236216168777838
SD3,SL1,BKa,0.9254465,0.93333881,0.01,1.64078,0.914903837956917,0.951773782043083,-0.06666119,0.220430279304396
SD3,SL1,RUV,1.02256,1.025254982,0.860814,1.71291,1.01809633208293,1.03241363191707,0.025254982,0.0854086121478741
SD3,SL2,CL,1.001505,1.001899308,0.808558,1.30756,0.9983080298869,1.0054905861131,0.001899308,0.0409749359706638
SD3,SL2,V,0.9963375,0.9846312666,0.01,2.0816,0.951267997404101,1.0179945357959,-0.0153687334,0.380561819362459
SD3,SL2,Q,0.912243,1.053142044,0.307004,8.34308,0.997146265257378,1.10913782274262,0.053142044,0.640409693073229
SD3,SL2,Vp,1.02733,1.034465296,0.298677,1.73622,1.01270785932766,1.05622273267234,0.034465296,0.250359794547631
SD3,SL2,Ka,0.949998,0.97040811,0.599012,2.18266,0.955995907149663,0.984820312850338,-0.02959189,0.166904518184134
SD3,SL2,BCL,0.992565,0.992840978,0.793579,1.5261,0.986440636063998,0.999241319936002,-0.007159022,0.0732971042793779
SD3,SL2,BV,1.077185,1.17889062,0.01,10.6794,1.10709738548775,1.25068385451225,0.17889062,0.837576237843557
SD3,SL2,BQ,0.7103645,0.800694725,0.01,6.25328,0.727475802567,0.873913647433,-0.199305275,0.85796864344355
SD3,SL2,BVp,0.928952,0.972951512,0.522301,2.25238,0.952072752464781,0.993830271535219,-0.027048488,0.239493929328157
SD3,SL2,BKa,0.937398,0.9427986,0.435878,1.94371,0.924881506672256,0.960715693327744,-0.0572014,0.212066802161951
SD3,SL2,RUV,1.044665,1.051979476,0.887049,2.51754,1.04253298542174,1.06142596657826,0.051979476,0.119555503747055
SD3,SL3,CL,1.004685,1.00707671,0.867712,1.33156,1.0033837196112,1.0107697003888,0.00707671,0.042680904616163
SD3,SL3,V,1.071135,1.0746402496,0.01,2.3145,1.03443408735646,1.11484641184354,0.0746402496,0.464280961495315
SD3,SL3,Q,0.9750185,1.22891284,0.222231,24.4487,1.11906472407427,1.33876095592573,0.22891284,1.2727278825412
SD3,SL3,Vp,0.9818615,0.986522426,0.183062,1.79081,0.959861329300968,1.01318352269903,-0.013477574,0.304163403078967
SD3,SL3,Ka,1.02309,1.03466403,0.579597,1.51425,1.01900571647457,1.05032234352543,0.03466403,0.181797929927714
SD3,SL3,BCL,0.99463,0.997857576,0.834798,1.41461,0.991268220098692,1.00444693190131,-0.002142424,0.075131453464205
SD3,SL3,BV,1.004215,1.1720490394,0.01,12.8853,1.05870094233164,1.28539713646836,0.1720490394,1.30326917385519
SD3,SL3,BQ,0.8781325,0.9714419112,0.01,5.73906,0.892298556978231,1.05058526542177,-0.0285580887999998,0.902472933301434
SD3,SL3,BVp,0.98426,1.044249716,0.407978,2.40076,1.01647340753031,1.07202602446969,0.044249716,0.319652640896658
SD3,SL3,BKa,1.048505,1.050937934,0.401655,1.75494,1.03034676328897,1.07152910471103,0.050937934,0.240148260053497
SD3,SL3,RUV,1.17836,1.188545272,0.950546,2.44459,1.17974866740951,1.19734187659049,0.188545272,0.21354368069515
SD3,TD1,CL,1.00068,1.00084617,0.839454,1.19348,0.997473117503176,1.00421922249682,0.000846169999999999,0.0384530203273813
SD3,TD1,V,1.024755,0.997161767,0.01,2.2961,0.9635965399935,1.0307269940065,-0.00283823300000001,0.382563668113991
SD3,TD1,Q,0.908065,1.083975106,0.146295,9.72361,1.00571720959825,1.16223300240175,0.0839751059999999,0.895873542556965
SD3,TD1,Vp,1.005185,1.024529808,0.185006,1.75777,1.00254099542281,1.04651862057719,0.024529808,0.251810826895374
SD3,TD1,Ka,0.962028,0.981225932,0.69209,2.32795,0.966393034033965,0.996058829966035,-0.018774068,0.17009433018239
SD3,TD1,BCL,0.9941165,0.993725116,0.813693,1.27767,0.987774002517756,0.999676229482244,-0.00627488400000001,0.0681162946612923
SD3,TD1,BV,1.0824,1.20591543,0.01,10.051,1.12725774918455,1.28457311081545,0.20591543,0.919830201359186
SD3,TD1,BQ,0.7029875,0.7974676146,0.01,7.81997,0.716748899549089,0.878186329650911,-0.2025323854,0.942005791294375
SD3,TD1,BVp,0.935669,0.970556776,0.059741,3.02741,0.949306147429197,0.991807404570803,-0.029443224,0.243982982534135
SD3,TD1,BKa,0.942887,0.946081748,0.303326,2.34507,0.927653449089685,0.964510046910315,-0.0539182520000001,0.216843301665419
SD3,TD1,RUV,1.00171,1.005676594,0.804227,2.0153,0.997680251777612,1.01367293622239,0.00567659399999999,0.0913133701650202
SD3,TD2,CL,1.000265,1.000959804,0.746797,1.49022,0.996103936512587,1.00581567148741,0.000959803999999997,0.0553521263477746
SD3,TD2,V,1.028455,1.0075535044,0.01,2.32898,0.974021241146361,1.04108576765364,0.00755350439999999,0.382252079533166
SD3,TD2,Q,0.9227565,1.071369494,0.131566,10.5853,1.00164270189184,1.14109628610816,0.071369494,0.797895845389503
SD3,TD2,Vp,1.0001535,1.018251088,0.163039,1.76702,0.996303577967466,1.04019859803253,0.018251088,0.250807413548125
SD3,TD2,Ka,0.968863,0.988570208,0.695866,2.3974,0.973408750604682,1.00373166539532,-0.011429792,0.17317735633656
SD3,TD2,BCL,0.9951145,0.998556614,0.814576,1.45591,0.991741946326444,1.00537128167356,-0.001443386,0.0776822586503894
SD3,TD2,BV,1.06709,1.206865542,0.01,12.9677,1.10959429765283,1.30413678634717,0.206865542,1.12776503812116
SD3,TD2,BQ,0.7086895,0.8085413164,0.01,6.58587,0.733146000939052,0.883936631860948,-0.191458683599999,0.880374243953252
SD3,TD2,BVp,0.9448045,0.977980812,0.350337,2.40016,0.957909806222593,0.998051817777407,-0.022019188,0.229812681840006
SD3,TD2,BKa,0.9548465,0.960051396,0.312775,2.56812,0.941172824661093,0.978929967338907,-0.039948604,0.21884195168936
SD3,TD2,RUV,1.00331,1.010244734,0.807057,2.0081,1.00200618126647,1.01848328673353,0.010244734,0.0944545269209158
SD4,A1,CL,1.00103,1.001559758,0.917417,1.09704,0.998724725963146,1.00439479003685,0.001559758,0.0323493502194711
SD4,A1,V,0.40634,0.5757636376,0.01,2.38237,0.52373573118031,0.62779154401969,-0.4242363624,0.729108579527094
SD4,A1,Q,0.6598525,1.0796352244,0.0210356,69.4212,0.7727579255889,1.3865125232111,0.0796352244,3.49848074124743
SD4,A1,Vp,1.295215,1.22136362,0.109825,1.78346,1.18963489800038,1.25309234199962,0.22136362,0.423995605490401
SD4,A1,Ka,0.6122425,0.704862484,0.310732,1.68904,0.679248547067323,0.730476420932677,-0.295137516,0.415125518342132
SD4,A1,BCL,0.9696215,0.970219488,0.78102,1.18856,0.964494640546686,0.975944335453314,-0.029780512,0.0717227911030239
SD4,A1,BV,1.99369,3.525514789,0.01,13.716,3.20985204522885,3.84117753277115,2.525514789,4.39564600289725
SD4,A1,BQ,0.01,0.534484681,0.01,8.6816,0.436111408757725,0.632857953242275,-0.465515319000002,1.21399012128601
SD4,A1,BVp,0.8341605,0.902269864,0.119763,2.81089,0.877161502949722,0.927378225050278,-0.097730136,0.302395613486863
SD4,A1,BKa,0.7052935,0.6608158918,0.01,1.64251,0.630367870111389,0.691263913488611,-0.3391841082,0.485255073881596
SD4,A1,RUV,1.7182,1.80615618,1.14092,3.1665,1.77355434704826,1.83875801295174,0.806156179999999,0.887667907011288
SD4,A2,CL,1.00423,1.00412309,0.918477,1.10694,1.00133810045962,1.00690807954038,0.00412309,0.032008043116848
SD4,A2,V,0.331092,0.5429319852,0.01,2.41386,0.489045669137212,0.596818301262788,-0.457068014800001,0.765573116212132
SD4,A2,Q,0.4652665,153.4055550728,0.0326724,42903.5,-56.9921557743051,363.803265919905,152.4055550728,2402.80521882931
SD4,A2,Vp,1.283255,1.190527624,0.171881,1.77444,1.1586781315874,1.2223771164126,0.190527624,0.409961712393233
SD4,A2,Ka,0.471453,0.610041372,0.160447,1.82064,0.581436981102055,0.638645762897945,-0.389958628,0.508283574408176
SD4,A2,BCL,0.9450535,0.948830052,0.750696,1.15289,0.942916399567018,0.954743704432982,-0.051169948,0.0846231849740483
SD4,A2,BV,1.477645,2.9905156928,0.01,13.3185,2.67751884901263,3.30351253658737,1.9905156928,4.08508615391347
SD4,A2,BQ,0.01,0.6144510004,0.01,49.5392,0.398157954310892,0.830744046489108,-0.3855489996,2.49512552876972
SD4,A2,BVp,0.897722,1.002243644,0.01,3.34195,0.965516428279827,1.03897085972017,0.002243644,0.418597303194337
SD4,A2,BKa,0.3548175,0.3559221228,0.01,1.50271,0.325460779600707,0.386383465999293,-0.644077877200002,0.731688690418705
SD4,A2,RUV,2.44831,2.54570368,1.66638,3.92684,2.50291163241288,2.58849572758712,1.54570368,1.62082227343383
SD4,A3,CL,1.0001015,0.99092883,0.634677,1.10206,0.986023151452408,0.995834508547592,-0.00907117,0.0566425966699797
SD4,A3,V,0.4233455,0.5184436698,0.01,2.49668,0.472816697330157,0.564070642269843,-0.4815563302,0.708746792721747
SD4,A3,Q,0.263441,136350.630266629,0.01,45248100,-62026.2753575752,334727.535890833,136349.630266629,2265069.77787523
SD4,A3,Vp,1.0963,114817.579829604,0.18756,57408100,-110218.031592509,339853.191251717,114816.579829604,2567368.2364612
SD4,A3,Ka,0.294979,0.4914126168,0.0800383,2.26481,0.457055445442521,0.525769788157479,-0.5085873832,0.641868657594388
SD4,A3,BCL,0.916583,0.917669832,0.544145,1.16142,0.910943008759125,0.924396655240875,-0.0823301680000001,0.112499717201031
SD4,A3,BV,0.02316955,1.1325196168,0.01,14.2711,0.900264652819524,1.36477458078048,0.1325196168,2.65039579062437
SD4,A3,BQ,0.01,0.4635219064,0.01,9.70864,0.379184432287424,0.547859380512576,-0.536478093600002,1.10079631125514
SD4,A3,BVp,1.16014,1.4228907478,0.01,9.37302,1.3230003429281,1.5227811526719,0.4228907478,1.2144861362635
SD4,A3,BKa,0.01,0.2283681348,0.01,1.07872,0.204874190248865,0.251862079351135,-0.771631865200003,0.816771237515084
SD4,A3,RUV,3.591705,3.59630468,2.05905,6.04957,3.54221338315258,3.65039597684742,2.59630468,2.66849472664497
SD4,All,CL,1.018625,1.016302204,0.537004,1.129,1.01264846269652,1.01995594530348,0.016302204,0.0447200746083009
SD4,All,V,1.11643,1.113267456,0.632358,1.31506,1.10902229028422,1.11751262171578,0.113267456,0.123168481332084
SD4,All,Ka,1.72658,7.74051228000844e+20,1.22738,3.86728e+23,-7.41892786597217e+20,2.28999524259891e+21,7.74051228000844e+20,1.72950070574194e+22
SD4,All,BCL,0.90822,0.910378746,0.593046,1.16225,0.904268467857433,0.916489024142567,-0.089621254,0.113498004489515
SD4,All,BV,0.5680025,0.565512483,0.01,1.02641,0.555268885808765,0.575756080191235,-0.434487517,0.449899795384923
SD4,All,BKa,0.01,135.4267903216,0.01,31074.4,-19.7606054141219,290.614186057322,134.4267903216,1773.81914989289
SD4,All,RUV,4.28001,4.31712716,2.46093,5.41854,4.2797935424406,4.3544607775594,3.31712716,3.34430636901843
SD4,B,CL,1.00099,1.00138512,0.924724,1.09791,0.998652005320099,1.0041182346799,0.00138512,0.0311809225356788
SD4,B,V,1.000966,0.9859548122,0.01,2.12243,0.94663002497075,1.02527959942925,-0.0140451878,0.44841661962609
SD4,B,Q,0.8764105,0.97864562,0.232934,4.28333,0.939866102090983,1.01742513790902,-0.02135438,0.442497573095984
SD4,B,Vp,1.02262,1.02812983,0.29506,1.74425,1.00271817985196,1.05354148014804,0.02812983,0.290987186439091
SD4,B,Ka,0.9694275,0.962940336,0.526109,1.63144,0.947418223937395,0.978462448062605,-0.037059664,0.180750256609013
SD4,B,BCL,0.991791,0.992056618,0.80931,1.19854,0.98638678309951,0.99772645290049,-0.007943382,0.065107220762877
SD4,B,BV,1.12224,1.3052369478,0.01,12.3089,1.19859118866204,1.41188270693797,0.3052369478,1.25321478959821
SD4,B,BQ,0.548105,0.6461454034,0.01,2.99856,0.590650664233527,0.701640142566473,-0.3538545966,0.724746361663654
SD4,B,BVp,0.930898,0.983728152,0.382587,2.13634,0.960339978681769,1.00711632531823,-0.016271848,0.267058333951352
SD4,B,BKa,0.914986,0.922167262,0.244344,1.56113,0.904415754714636,0.939918769285364,-0.077832738,0.216774199774461
SD4,B,RUV,0.994571,0.995630482,0.780911,1.95229,0.987930548418963,1.00333041558104,-0.004369518,0.0878672061710966
SD4,D,CL,1.003385,1.004301158,0.917586,1.10485,1.00157673311042,1.00702558288958,0.004301158,0.0313475821972604
SD4,D,V,0.862168,0.840088574,0.01,2.03566,0.797616189551256,0.882560958448744,-0.159911426,0.509800096122141
SD4,D,Q,0.938265,1.114082494,0.278526,5.38662,1.06428276482464,1.16388222317536,0.114082494,0.57893432808215
SD4,D,Vp,1.102035,1.12937608,0.338426,1.77611,1.10171201296653,1.15704014703347,0.12937608,0.340807310316941
SD4,D,Ka,0.947801,0.952539384,0.520176,1.56487,0.937452326923012,0.967626441076988,-0.047460616,0.178381417368626
SD4,D,BCL,1.04547,1.045604486,0.838724,1.27742,1.03957364502296,1.05163532697704,0.045604486,0.0824882751241775
SD4,D,BV,1.4154,1.9897875902,0.01,13.1026,1.79710078477891,2.18247439562109,0.989787590199999,2.40885452757548
SD4,D,BQ,0.6600165,0.7310329536,0.01,3.32659,0.670547982607554,0.791517924592446,-0.2689670464,0.739978589711174
SD4,D,BVp,0.891338,0.95610803,0.506316,2.21774,0.935422644930835,0.976793415069165,-0.04389197,0.23980861955122
SD4,D,BKa,0.921349,0.925411396,0.174803,1.52861,0.906909454068889,0.943913337931111,-0.074588604,0.223675163237835
SD4,D,RUV,0.996125,0.993598902,0.778929,1.2093,0.987206892696803,0.999990911303197,-0.006401098,0.0731323563948134
SD4,D2,CL,1.01895,1.020152962,0.933126,1.12977,1.01712275909404,1.02318316490596,0.020152962,0.0399860897144245
SD4,D2,V,0.87847,0.8639150932,0.01,1.92127,0.827172176296464,0.900658010103536,-0.1360849068,0.440326716196509
SD4,D2,Q,1.081965,1.23424412,0.379661,4.43361,1.18592366796107,1.28256457203893,0.23424412,0.598469772668281
SD4,D2,Vp,1.121515,1.134315734,0.473164,1.88489,1.10992525179896,1.15870621620105,0.134315734,0.308734199323745
SD4,D2,Ka,0.9887775,1.004299412,0.508797,1.67177,0.989411105294156,1.01918771870584,0.004299412,0.169741036050202
SD4,D2,BCL,1.211865,1.212529038,0.983251,1.43137,1.20545889049761,1.21959918550239,0.212529038,0.227292388471524
SD4,D2,BV,2.004075,2.3638025296,0.01,14.1616,2.20852639217137,2.51907866702863,1.3638025296,2.23425602774019
SD4,D2,BQ,0.984939,0.8910175508,0.01,2.79136,0.829772877078095,0.952262224521905,-0.1089824492,0.706480728534688
SD4,D2,BVp,1.01728,1.051183724,0.56676,2.2101,1.03276346788114,1.06960398011886,0.051183724,0.216090526771036
SD4,D2,BKa,0.9628245,0.969221806,0.137048,1.77886,0.949520226308953,0.988923385691047,-0.030778194,0.226644474201031
SD4,D2,RUV,0.9990775,0.99712261,0.779187,1.24013,0.990587825050217,1.00365739494978,-0.00287739,0.074534500377114
SD4,M,CL,1.006305,1.006346106,0.927449,1.10038,1.00361781000244,1.00907440199756,0.006346106,0.0317361925737477
SD4,M,V,1.06362,1.063134766,0.988813,1.14746,1.06110588443019,1.06516364756981,0.063134766,0.0672362105010239
SD4,M,Ka,1.654945,1.6590676,1.36616,2.03745,1.6496565108791,1.6684786891209,0.6590676,0.667738747925265
SD4,M,BCL,0.9870835,0.98806676,0.811062,1.19894,0.982391375362086,0.993742144637914,-0.01193324,0.065775633002929
SD4,M,BV,0.672246,0.67217196,0.522873,0.814388,0.667551239595178,0.676792680404822,-0.32782804,0.332031166531782
SD4,M,BKa,1.47471,1.48216472,1.06733,2.03449,1.46736734371242,1.49696209628759,0.48216472,0.510808880387567
SD4,M,RUV,1.27776,1.284102228,0.92313,1.75253,1.27328757935587,1.29491687664413,0.284102228,0.309687865605858
SD4,S1,CL,1.000985,1.001618724,0.927592,1.10103,0.998938012238784,1.00429943576122,0.001618724,0.0305957411504935
SD4,S1,V,0.975796,1.0076152454,0.01,2.35616,0.968711612985143,1.04651887781486,0.00761524539999995,0.443461966127977
SD4,S1,Q,0.842097,0.933018428,0.117026,3.66534,0.897629985640879,0.968406870359121,-0.0669815719999999,0.408856875128532
SD4,S1,Vp,1.025385,1.011859544,0.250479,1.7189,0.986887777121355,1.03683131087864,0.011859544,0.284857833404012
SD4,S1,Ka,0.9521405,0.95130099,0.528773,1.44342,0.935857813595992,0.966744166404008,-0.0486990099999999,0.182623447462263
SD4,S1,BCL,0.9902915,0.992640046,0.809981,1.20514,0.986851972452932,0.998428119547068,-0.007359954,0.066377738515183
SD4,S1,BV,1.1289,1.241368942,0.01,12.1127,1.14856400446638,1.33417387953362,0.241368942,1.08491644535105
SD4,S1,BQ,0.5412145,0.6097358678,0.01,2.76186,0.55768926958347,0.66178246601653,-0.390264132200001,0.710057476021798
SD4,S1,BVp,0.926432,0.99383893,0.478448,2.50873,0.968763975277999,1.018913884722,-0.00616106999999999,0.285853317559888
SD4,S1,BKa,0.915161,0.904538844,0.01,1.57645,0.886424177695283,0.922653510304717,-0.0954611559999999,0.227459657741807
SD4,S1,RUV,0.995103,0.996032726,0.798961,1.21448,0.989838463473355,1.00222698852664,-0.003967274,0.0707092844249891
SD4,SL1,CL,1.00116,1.00210339,0.927904,1.11169,0.999359817033278,1.00484696296672,0.00210339,0.0313400030741862
SD4,SL1,V,0.9654805,1.0041336888,0.01,2.35521,0.964889022061165,1.04337835553883,0.00413368879999997,0.447302549000468
SD4,SL1,Q,0.8546305,0.950888586,0.110565,3.81012,0.912118854135066,0.989658317864934,-0.049111414,0.444591321961518
SD4,SL1,Vp,1.02851,1.01488438,0.249763,1.71176,0.989571287784183,1.04019747221582,0.01488438,0.288884743196528
SD4,SL1,Ka,0.9538005,0.953524092,0.511974,1.51117,0.937937658927951,0.969110525072049,-0.046475908,0.183622343214545
SD4,SL1,BCL,0.991519,0.992612808,0.810034,1.20687,0.986828641988404,0.998396974011595,-0.007387192,0.0663365056212942
SD4,SL1,BV,1.101555,1.1977626654,0.01,11.8998,1.12100498785674,1.27452034294326,0.1977626654,0.896905122647918
SD4,SL1,BQ,0.567829,0.6322561766,0.01,2.78387,0.578243128066438,0.686269225133562,-0.3677438234,0.717079371231044
SD4,SL1,BVp,0.9197595,0.99551925,0.509895,2.508,0.969405352420597,1.0216331475794,-0.00448074999999999,0.297661789847098
SD4,SL1,BKa,0.9207185,0.90943177,0.01,1.57214,0.891373401641992,0.927490138358008,-0.0905682299999999,0.22486247721282
SD4,SL1,RUV,1.01222,1.011363092,0.816825,1.22332,1.00509546595435,1.01763071804565,0.011363092,0.0723321713113605
SD4,SL2,CL,1.001445,1.002110942,0.886267,1.1016,0.999349614151415,1.00487226984858,0.002110942,0.0315424120471786
SD4,SL2,V,0.9736845,0.9911935802,0.01,2.386,0.951546961307167,1.03084019909283,-0.00880641980000001,0.451950425836094
SD4,SL2,Q,0.894125,0.992544554,0.127614,5.81849,0.947983374405687,1.03710573359431,-0.00745544599999996,0.50793208685188
SD4,SL2,Vp,1.02436,1.025165716,0.233425,1.78273,0.999463871268621,1.05086756073138,0.025165716,0.294010774950851
SD4,SL2,Ka,0.9567015,0.958814438,0.526663,1.47901,0.943117973457999,0.974510902542001,-0.041185562,0.183577040226478
SD4,SL2,BCL,0.9921855,0.992618388,0.807513,1.20905,0.986777349975452,0.998459426024548,-0.007381612,0.0669800854328509
SD4,SL2,BV,1.105585,1.2370157232,0.01,11.9808,1.14726827896294,1.32676316743706,0.2370157232,1.04997997406382
SD4,SL2,BQ,0.6375595,0.6937527562,0.01,3.48489,0.636800645018469,0.750704867381531,-0.3062472438,0.71771788417521
SD4,SL2,BVp,0.9080825,0.991700536,0.509212,2.60331,0.965303039738766,1.01809803226123,-0.00829946400000001,0.300974775763026
SD4,SL2,BKa,0.9331225,0.922167634,0.01,1.48229,0.903502664177214,0.940832603822786,-0.077832366,0.22652170541315
SD4,SL2,RUV,1.038315,1.036484168,0.834535,1.2371,1.03007326580705,1.04289507019295,0.036484168,0.0816693479558886
SD4,SL3,CL,1.003155,1.004102454,0.915393,1.1048,1.00135082016863,1.00685408783137,0.00410245399999999,0.0316283998068508
SD4,SL3,V,0.9401165,0.936481698,0.01,2.51548,0.892355346641909,0.980608049358091,-0.063518302,0.506916766272359
SD4,SL3,Q,1.069145,1.240739114,0.2305,6.05259,1.17758818040745,1.30389004759255,0.240739114,0.758944042753294
SD4,SL3,Vp,1.0662,1.074085656,0.15368,1.83415,1.04484773780505,1.10332357419495,0.074085656,0.341369647991452
SD4,SL3,Ka,1.007455,0.997560376,0.554371,1.54135,0.981005228241982,1.01411552375802,-0.002439624,0.188699844356767
SD4,SL3,BCL,0.9904925,0.992345644,0.811524,1.21654,0.98649931680045,0.99819197119955,-0.00765435600000001,0.0670705799294743
SD4,SL3,BV,1.09861,1.433314557,0.01,13.3043,1.2809024040297,1.5857267099703,0.433314557,1.79031719640576
SD4,SL3,BQ,0.939013,0.9499186588,0.01,4.18446,0.877550775331954,1.02228654226805,-0.0500813411999998,0.826317918752479
SD4,SL3,BVp,0.8998335,0.985118354,0.340592,3.30844,0.956016169513938,1.01422053848606,-0.014881646,0.332020158027891
SD4,SL3,BKa,1.051155,1.041893342,0.359649,1.73804,1.02157629308921,1.06221039091079,0.041893342,0.235318730038078
SD4,SL3,RUV,1.165125,1.167958936,0.956264,1.71596,1.15986893387297,1.17604893812703,0.167958936,0.191603296223765
SD4,TD1,CL,1.0011,1.001907904,0.912817,1.26913,0.998921012061608,1.00489479593839,0.001907904,0.0340959413829857
SD4,TD1,V,0.967199,0.971542052,0.01,2.02466,0.931181217374872,1.01190288662513,-0.028457948,0.460884181508284
SD4,TD1,Q,0.8746145,0.995043524,0.241625,4.25349,0.953635255080796,1.0364517929192,-0.004956476,0.471968709149728
SD4,TD1,Vp,1.03839,1.037383864,0.336131,1.74225,1.01118917460971,1.06357855339029,0.037383864,0.300880345570142
SD4,TD1,Ka,0.9577165,0.962317196,0.521206,1.51426,0.946966794191604,0.977667597808396,-0.037682804,0.178965419712346
SD4,TD1,BCL,0.9916245,0.992854116,0.810089,1.19681,0.987091590754849,0.998616641245151,-0.00714588399999999,0.0660648626272091
SD4,TD1,BV,1.11373,1.3318702688,0.01,12.5475,1.2167102837764,1.4470302538236,0.3318702688,1.35382036559772
SD4,TD1,BQ,0.5376475,0.6546631916,0.01,2.97755,0.597966732157707,0.711359651042293,-0.3453368084,0.732676576737329
SD4,TD1,BVp,0.9282425,0.979655048,0.375532,2.14072,0.956310311901814,1.00299978409819,-0.020344952,0.266843794141681
SD4,TD1,BKa,0.9319205,0.927359284,0.261681,1.46911,0.909752841821714,0.944965726178286,-0.0726407159999999,0.213409268438135
SD4,TD1,RUV,0.9938905,0.992442452,0.781423,1.17941,0.986120850569738,0.998764053430262,-0.00755754799999999,0.0724445087365219
SD4,TD2,CL,1.001515,1.001674132,0.91347,1.13138,0.99887437296449,1.00447389103551,0.001674132,0.0319535946908638
SD4,TD2,V,0.9740385,0.964425683,0.01,2.02852,0.924645325320498,1.0042060406795,-0.035574317,0.454782376228348
SD4,TD2,Q,0.8881905,1.009383548,0.236471,3.55457,0.969630908033329,1.04913618796667,0.009383548,0.45317013451057
SD4,TD2,Vp,1.03446,1.043318508,0.322892,1.74017,1.01750236528597,1.06913465071403,0.043318508,0.297406137551356
SD4,TD2,Ka,0.960699,0.96466891,0.50596,1.53178,0.949363215424064,0.979974604575936,-0.03533109,0.177985620975499
SD4,TD2,BCL,0.992052,0.992726432,0.810991,1.19941,0.986970012371421,0.998482851628579,-0.007273568,0.0660096311692771
SD4,TD2,BV,1.134525,1.3272498124,0.01,11.7426,1.21296213330635,1.44153749149365,0.3272498124,1.34305068244901
SD4,TD2,BQ,0.5394855,0.671344372,0.01,2.7432,0.614151131948981,0.728537612051019,-0.328655628,0.73001465950632
SD4,TD2,BVp,0.9229925,0.976639022,0.400157,2.09303,0.953710251806725,0.999567792193275,-0.023360978,0.262368281155589
SD4,TD2,BKa,0.943105,0.941418998,0.267335,1.45928,0.923709628211616,0.959128367788384,-0.058581002,0.210168393683413
SD4,TD2,RUV,0.9946905,0.992233966,0.78251,1.1801,0.985942635441174,0.998525296558826,-0.007766034,0.0721235450322431
